Subperiod,Strategy,Start,End,CAGR,Sharpe,Max_Drawdown,CAGR_Diff_vs_Equal_Weight,Sharpe_Diff_vs_Equal_Weight
pre-COVID,Equal Weight,2019-10-17,2020-02-19,0.2899551770798092,2.2346765915367164,-0.04415253200889746,0.0,0.0
COVID crash,Equal Weight,2020-02-20,2020-04-30,-0.5590306792465667,-1.4753331786824677,-0.2955559367959998,0.0,0.0
2022 inflation/rate shock,Equal Weight,2022-01-03,2022-12-30,-0.15843783336180273,-0.9931966071664323,-0.21268223888340465,0.0,0.0
recent period,Equal Weight,2024-01-01,2026-06-24,0.15761373794595257,0.8546348109091284,-0.14599293319081064,0.0,0.0
pre-COVID,Momentum Tilt 6M/12M,2019-10-17,2020-02-19,0.21884794625231963,2.5272478091887827,-0.02604379767329701,-0.0711072308274896,0.2925712176520663
COVID crash,Momentum Tilt 6M/12M,2020-02-20,2020-04-30,-0.4938581759584707,-1.4282249100725295,-0.26206275199611695,0.06517250328809598,0.04710826860993822
2022 inflation/rate shock,Momentum Tilt 6M/12M,2022-01-03,2022-12-30,-0.22618726090714358,-1.1946025963089608,-0.2553630222682426,-0.06774942754534086,-0.2014059891425285
recent period,Momentum Tilt 6M/12M,2024-01-01,2026-06-24,0.14600613413684083,0.7297175546637883,-0.13228200366154186,-0.011607603809111744,-0.12491725624534011
pre-COVID,Time-Series Momentum,2019-10-17,2020-02-19,0.252972832617395,3.1161330291701406,-0.016845034539274995,-0.03698234446241422,0.8814564376334242
COVID crash,Time-Series Momentum,2020-02-20,2020-04-30,-0.48630499568975594,-1.3134534204065744,-0.2646019951354941,0.07272568355681075,0.1618797582758933
2022 inflation/rate shock,Time-Series Momentum,2022-01-03,2022-12-30,-0.27065358682410634,-1.0820038518406836,-0.3143259998072454,-0.11221575346230361,-0.08880724467425127
recent period,Time-Series Momentum,2024-01-01,2026-06-24,0.13910534016874876,0.6333273001603332,-0.12083452497479008,-0.01850839777720381,-0.22130751074879518
pre-COVID,Cross-Asset Relative Momentum,2019-10-17,2020-02-19,0.38965954142383863,1.8047148270005993,-0.09666469936665822,0.0997043643440294,-0.4299617645361171
COVID crash,Cross-Asset Relative Momentum,2020-02-20,2020-04-30,-0.6282768790430989,-1.190133082879906,-0.35028784146180525,-0.06924619979653224,0.2852000958025618
2022 inflation/rate shock,Cross-Asset Relative Momentum,2022-01-03,2022-12-30,-0.2657255066745914,-0.9538685535229826,-0.2927379298854367,-0.10728767331278866,0.03932805364344971
recent period,Cross-Asset Relative Momentum,2024-01-01,2026-06-24,0.10831018887956967,0.3706644186577538,-0.2369815650735514,-0.0493035490663829,-0.4839703922513746
pre-COVID,Dual Momentum Absolute,2019-10-17,2020-02-19,0.5260241550071718,2.1275842227214694,-0.08854451683371134,0.2360689779273626,-0.10709236881524697
COVID crash,Dual Momentum Absolute,2020-02-20,2020-04-30,-0.6323944757553421,-1.0850022445591008,-0.37161351511422736,-0.07336379650877545,0.39033093412336695
2022 inflation/rate shock,Dual Momentum Absolute,2022-01-03,2022-12-30,-0.3327276688707499,-0.9940615640381848,-0.3596330178956466,-0.17428983550894717,-0.0008649568717524758
recent period,Dual Momentum Absolute,2024-01-01,2026-06-24,0.11025700112888792,0.37376625683442644,-0.2403485643196548,-0.04735673681706465,-0.48086855407470197
pre-COVID,Trend-Following MA,2019-10-17,2020-02-19,0.11224293647377448,2.412280031932953,-0.013100458942970405,-0.17771224060603474,0.17760344039623677
COVID crash,Trend-Following MA,2020-02-20,2020-04-30,-0.2861469201889745,-1.3960754896164354,-0.15969946666611812,0.2728837590575922,0.07925768906603237
2022 inflation/rate shock,Trend-Following MA,2022-01-03,2022-12-30,-0.24277180445901458,-1.2833483634946423,-0.27763253531096677,-0.08433397109721186,-0.29015175632821
recent period,Trend-Following MA,2024-01-01,2026-06-24,0.10503549614549268,1.013652536776171,-0.05308279531000282,-0.05257824180045989,0.15901772586704266
pre-COVID,Volatility-Scaled Momentum,2019-10-17,2020-02-19,0.24361514828643238,3.1121850946472738,-0.016845034539274995,-0.04634002879337684,0.8775085031105574
COVID crash,Volatility-Scaled Momentum,2020-02-20,2020-04-30,-0.46574209271775324,-1.3351734733794587,-0.2507812862987694,0.09328858652881344,0.14015970530300903
2022 inflation/rate shock,Volatility-Scaled Momentum,2022-01-03,2022-12-30,-0.265837373870783,-1.0899384374082222,-0.30864916295307443,-0.10739954050898026,-0.09674183024178984
recent period,Volatility-Scaled Momentum,2024-01-01,2026-06-24,0.1359057616424133,0.6316793021457223,-0.11895005534059411,-0.021707976303539267,-0.22295550876340609
pre-COVID,Risk-Managed Equal Weight,2019-10-17,2020-02-19,0.217416916456163,2.404127315697662,-0.03189167323003228,-0.07253826062364621,0.16945072416094575
COVID crash,Risk-Managed Equal Weight,2020-02-20,2020-04-30,-0.5525289935873412,-1.8228305962328826,-0.261086937388906,0.006501685659225487,-0.34749741755041486
2022 inflation/rate shock,Risk-Managed Equal Weight,2022-01-03,2022-12-30,-0.11708347160776233,-0.9479188286263258,-0.1825062332875288,0.04135436175404039,0.045277778540106506
recent period,Risk-Managed Equal Weight,2024-01-01,2026-06-24,0.1466087968314349,0.9427041804771208,-0.10511482561814378,-0.011004941114517663,0.08806936956799238
pre-COVID,Regime-Aware Allocation,2019-10-17,2020-02-19,0.28396713075755353,2.23782095576757,-0.04328235635532851,-0.005988046322255691,0.0031443642308537356
COVID crash,Regime-Aware Allocation,2020-02-20,2020-04-30,-0.6017343168694111,-1.6783374505956896,-0.2952447058147375,-0.04270363762284446,-0.2030042719132219
2022 inflation/rate shock,Regime-Aware Allocation,2022-01-03,2022-12-30,-0.17299609837818086,-1.1826779336948274,-0.2250037900414119,-0.014558265016378136,-0.1894813265283951
recent period,Regime-Aware Allocation,2024-01-01,2026-06-24,0.15089952739929835,0.8248750980318953,-0.14599293319081075,-0.00671421054665422,-0.029759712877233113
pre-COVID,Asset-Class Momentum Rotation,2019-10-17,2020-02-19,0.15801205367708882,1.512517953899929,-0.02982977751030913,-0.1319431234027204,-0.7221586376367874
COVID crash,Asset-Class Momentum Rotation,2020-02-20,2020-04-30,-0.5823041784202019,-1.3097176425891472,-0.32236680999709966,-0.023273499173635193,0.16561553609332047
2022 inflation/rate shock,Asset-Class Momentum Rotation,2022-01-03,2022-12-30,-0.19888540699153856,-1.0888460926259174,-0.2565272290465742,-0.040447573629735833,-0.09564948545948504
recent period,Asset-Class Momentum Rotation,2024-01-01,2026-06-24,0.2351062250310676,0.778029949435398,-0.27695825345346725,0.07749248708511502,-0.07660486147373036
pre-COVID,Signal-Aware HRP Lite,2019-10-17,2020-02-19,0.13053687256355118,2.801930324062942,-0.012798070573733611,-0.15941830451625805,0.5672537325262255
COVID crash,Signal-Aware HRP Lite,2020-02-20,2020-04-30,-0.3086257726583522,-1.4086302038846774,-0.16876651333762416,0.25040490658821446,0.0667029747977903
2022 inflation/rate shock,Signal-Aware HRP Lite,2022-01-03,2022-12-30,-0.11606298382242475,-1.576746638696703,-0.16254900642041048,0.04237484953937798,-0.5835500315302707
recent period,Signal-Aware HRP Lite,2024-01-01,2026-06-24,0.10497183650532893,0.9269415023855297,-0.0622736761888808,-0.05264190144062364,0.07230669147640134
pre-COVID,Shrunk Max Sharpe Nested,2019-10-17,2020-02-19,0.23740976741192377,2.2294576443662266,-0.050368338452698946,-0.052545409667885457,-0.005218947170489763
COVID crash,Shrunk Max Sharpe Nested,2020-02-20,2020-04-30,-0.13204202190670256,-0.44260809852650124,-0.1575696705762346,0.42698865733986413,1.0327250801559664
2022 inflation/rate shock,Shrunk Max Sharpe Nested,2022-01-03,2022-12-30,-0.2153609654293338,-1.3267076335148233,-0.2339373293758017,-0.05692313206753108,-0.333511026348391
recent period,Shrunk Max Sharpe Nested,2024-01-01,2026-06-24,0.12652712098733998,0.9645957990069701,-0.0956040855568252,-0.03108661695861259,0.10996098809784172
