ticker,name,exchange,country,currency,source,source_url,as_of_date,data_provider,market_cap_usd,market_cap_rank,sector,industry,notes,source_method,rank_universe,rank_method
NVDA.SW,NVIDIA CORP,EBS,Europe exchange listing,CHF,Yahoo Finance Equity Screener,https://finance.yahoo.com/quote/NVDA.SW,2026-07-02,Yahoo Finance via yfinance,4914145006143.68,1,,,api_market_cap_enriched; public Yahoo Finance screener result; not official exchange top-100 evidence; current research input only; not point-in-time historical membership; cross-listing/domicile review required where applicable; raw_currency=CHF; source_screener=https://finance.yahoo.com/screener/new,api_market_cap_enriched,Yahoo Finance broad Europe exchange-listed equities sorted by marketCap,computed_from_yahoo_market_cap_same_retrieval_date
NVD.F,NVIDIA CORP.                  R,FRA,Europe exchange listing,EUR,Yahoo Finance Equity Screener,https://finance.yahoo.com/quote/NVD.F,2026-07-02,Yahoo Finance via yfinance,4788507000906.69,2,,,api_market_cap_enriched; public Yahoo Finance screener result; not official exchange top-100 evidence; current research input only; not point-in-time historical membership; cross-listing/domicile review required where applicable; raw_currency=EUR; source_screener=https://finance.yahoo.com/screener/new,api_market_cap_enriched,Yahoo Finance broad Europe exchange-listed equities sorted by marketCap,computed_from_yahoo_market_cap_same_retrieval_date
1NVDA.MI,NVIDIA CORP,MIL,Europe exchange listing,EUR,Yahoo Finance Equity Screener,https://finance.yahoo.com/quote/1NVDA.MI,2026-07-02,Yahoo Finance via yfinance,4770861441177.81,3,,,api_market_cap_enriched; public Yahoo Finance screener result; not official exchange top-100 evidence; current research input only; not point-in-time historical membership; cross-listing/domicile review required where applicable; raw_currency=EUR; source_screener=https://finance.yahoo.com/screener/new,api_market_cap_enriched,Yahoo Finance broad Europe exchange-listed equities sorted by marketCap,computed_from_yahoo_market_cap_same_retrieval_date
NVD.DE,NVIDIA CORP.                  R,GER,Europe exchange listing,EUR,Yahoo Finance Equity Screener,https://finance.yahoo.com/quote/NVD.DE,2026-07-02,Yahoo Finance via yfinance,4768656268410.94,4,,,api_market_cap_enriched; public Yahoo Finance screener result; not official exchange top-100 evidence; current research input only; not point-in-time historical membership; cross-listing/domicile review required where applicable; raw_currency=EUR; source_screener=https://finance.yahoo.com/screener/new,api_market_cap_enriched,Yahoo Finance broad Europe exchange-listed equities sorted by marketCap,computed_from_yahoo_market_cap_same_retrieval_date
1GOOGL.MI,ALPHABET CLASSE A,MIL,Europe exchange listing,EUR,Yahoo Finance Equity Screener,https://finance.yahoo.com/quote/1GOOGL.MI,2026-07-02,Yahoo Finance via yfinance,4408761330472.69,5,,,api_market_cap_enriched; public Yahoo Finance screener result; not official exchange top-100 evidence; current research input only; not point-in-time historical membership; cross-listing/domicile review required where applicable; raw_currency=EUR; source_screener=https://finance.yahoo.com/screener/new,api_market_cap_enriched,Yahoo Finance broad Europe exchange-listed equities sorted by marketCap,computed_from_yahoo_market_cap_same_retrieval_date
ABEA.F,Alphabet Inc.                 R,FRA,Europe exchange listing,EUR,Yahoo Finance Equity Screener,https://finance.yahoo.com/quote/ABEA.F,2026-07-02,Yahoo Finance via yfinance,4406677904727.31,6,,,api_market_cap_enriched; public Yahoo Finance screener result; not official exchange top-100 evidence; current research input only; not point-in-time historical membership; cross-listing/domicile review required where applicable; raw_currency=EUR; source_screener=https://finance.yahoo.com/screener/new,api_market_cap_enriched,Yahoo Finance broad Europe exchange-listed equities sorted by marketCap,computed_from_yahoo_market_cap_same_retrieval_date
ABEA.DE,Alphabet Inc.                 R,GER,Europe exchange listing,EUR,Yahoo Finance Equity Screener,https://finance.yahoo.com/quote/ABEA.DE,2026-07-02,Yahoo Finance via yfinance,4402510754837.0,7,,,api_market_cap_enriched; public Yahoo Finance screener result; not official exchange top-100 evidence; current research input only; not point-in-time historical membership; cross-listing/domicile review required where applicable; raw_currency=EUR; source_screener=https://finance.yahoo.com/screener/new,api_market_cap_enriched,Yahoo Finance broad Europe exchange-listed equities sorted by marketCap,computed_from_yahoo_market_cap_same_retrieval_date
1GOOG.MI,ALPHABET CLASSE C,MIL,Europe exchange listing,EUR,Yahoo Finance Equity Screener,https://finance.yahoo.com/quote/1GOOG.MI,2026-07-02,Yahoo Finance via yfinance,4369173854114.06,8,,,api_market_cap_enriched; public Yahoo Finance screener result; not official exchange top-100 evidence; current research input only; not point-in-time historical membership; cross-listing/domicile review required where applicable; raw_currency=EUR; source_screener=https://finance.yahoo.com/screener/new,api_market_cap_enriched,Yahoo Finance broad Europe exchange-listed equities sorted by marketCap,computed_from_yahoo_market_cap_same_retrieval_date
ABEC.DE,Alphabet Inc.                 R,GER,Europe exchange listing,EUR,Yahoo Finance Equity Screener,https://finance.yahoo.com/quote/ABEC.DE,2026-07-02,Yahoo Finance via yfinance,4366396052586.75,9,,,api_market_cap_enriched; public Yahoo Finance screener result; not official exchange top-100 evidence; current research input only; not point-in-time historical membership; cross-listing/domicile review required where applicable; raw_currency=EUR; source_screener=https://finance.yahoo.com/screener/new,api_market_cap_enriched,Yahoo Finance broad Europe exchange-listed equities sorted by marketCap,computed_from_yahoo_market_cap_same_retrieval_date
ABEC.F,Alphabet Inc.                 R,FRA,Europe exchange listing,EUR,Yahoo Finance Equity Screener,https://finance.yahoo.com/quote/ABEC.F,2026-07-02,Yahoo Finance via yfinance,4357367675423.75,10,,,api_market_cap_enriched; public Yahoo Finance screener result; not official exchange top-100 evidence; current research input only; not point-in-time historical membership; cross-listing/domicile review required where applicable; raw_currency=EUR; source_screener=https://finance.yahoo.com/screener/new,api_market_cap_enriched,Yahoo Finance broad Europe exchange-listed equities sorted by marketCap,computed_from_yahoo_market_cap_same_retrieval_date
GOOGL.SW,ALPHABET INC-A,EBS,Europe exchange listing,CHF,Yahoo Finance Equity Screener,https://finance.yahoo.com/quote/GOOGL.SW,2026-07-02,Yahoo Finance via yfinance,4346747733173.94,11,,,api_market_cap_enriched; public Yahoo Finance screener result; not official exchange top-100 evidence; current research input only; not point-in-time historical membership; cross-listing/domicile review required where applicable; raw_currency=CHF; source_screener=https://finance.yahoo.com/screener/new,api_market_cap_enriched,Yahoo Finance broad Europe exchange-listed equities sorted by marketCap,computed_from_yahoo_market_cap_same_retrieval_date
APC.F,Apple Inc.                    R,FRA,Europe exchange listing,EUR,Yahoo Finance Equity Screener,https://finance.yahoo.com/quote/APC.F,2026-07-02,Yahoo Finance via yfinance,4337660771517.12,12,,,api_market_cap_enriched; public Yahoo Finance screener result; not official exchange top-100 evidence; current research input only; not point-in-time historical membership; cross-listing/domicile review required where applicable; raw_currency=EUR; source_screener=https://finance.yahoo.com/screener/new,api_market_cap_enriched,Yahoo Finance broad Europe exchange-listed equities sorted by marketCap,computed_from_yahoo_market_cap_same_retrieval_date
APC.DE,Apple Inc.                    R,GER,Europe exchange listing,EUR,Yahoo Finance Equity Screener,https://finance.yahoo.com/quote/APC.DE,2026-07-02,Yahoo Finance via yfinance,4332644674871.5,13,,,api_market_cap_enriched; public Yahoo Finance screener result; not official exchange top-100 evidence; current research input only; not point-in-time historical membership; cross-listing/domicile review required where applicable; raw_currency=EUR; source_screener=https://finance.yahoo.com/screener/new,api_market_cap_enriched,Yahoo Finance broad Europe exchange-listed equities sorted by marketCap,computed_from_yahoo_market_cap_same_retrieval_date
1AAPL.MI,APPLE,MIL,Europe exchange listing,EUR,Yahoo Finance Equity Screener,https://finance.yahoo.com/quote/1AAPL.MI,2026-07-02,Yahoo Finance via yfinance,4329301406173.25,14,,,api_market_cap_enriched; public Yahoo Finance screener result; not official exchange top-100 evidence; current research input only; not point-in-time historical membership; cross-listing/domicile review required where applicable; raw_currency=EUR; source_screener=https://finance.yahoo.com/screener/new,api_market_cap_enriched,Yahoo Finance broad Europe exchange-listed equities sorted by marketCap,computed_from_yahoo_market_cap_same_retrieval_date
NVDG.F,NVIDIA Corp.                  R,FRA,Europe exchange listing,EUR,Yahoo Finance Equity Screener,https://finance.yahoo.com/quote/NVDG.F,2026-07-02,Yahoo Finance via yfinance,4317477025109.62,15,,,api_market_cap_enriched; public Yahoo Finance screener result; not official exchange top-100 evidence; current research input only; not point-in-time historical membership; cross-listing/domicile review required where applicable; raw_currency=EUR; source_screener=https://finance.yahoo.com/screener/new,api_market_cap_enriched,Yahoo Finance broad Europe exchange-listed equities sorted by marketCap,computed_from_yahoo_market_cap_same_retrieval_date
AAPL.SW,APPLE INC,EBS,Europe exchange listing,CHF,Yahoo Finance Equity Screener,https://finance.yahoo.com/quote/AAPL.SW,2026-07-02,Yahoo Finance via yfinance,4173873084368.84,16,,,api_market_cap_enriched; public Yahoo Finance screener result; not official exchange top-100 evidence; current research input only; not point-in-time historical membership; cross-listing/domicile review required where applicable; raw_currency=CHF; source_screener=https://finance.yahoo.com/screener/new,api_market_cap_enriched,Yahoo Finance broad Europe exchange-listed equities sorted by marketCap,computed_from_yahoo_market_cap_same_retrieval_date
ABE0.F,Alphabet Inc.                 R,FRA,Europe exchange listing,EUR,Yahoo Finance Equity Screener,https://finance.yahoo.com/quote/ABE0.F,2026-07-02,Yahoo Finance via yfinance,3991786137022.94,17,,,api_market_cap_enriched; public Yahoo Finance screener result; not official exchange top-100 evidence; current research input only; not point-in-time historical membership; cross-listing/domicile review required where applicable; raw_currency=EUR; source_screener=https://finance.yahoo.com/screener/new,api_market_cap_enriched,Yahoo Finance broad Europe exchange-listed equities sorted by marketCap,computed_from_yahoo_market_cap_same_retrieval_date
APC8.F,Apple Inc.                    R,FRA,Europe exchange listing,EUR,Yahoo Finance Equity Screener,https://finance.yahoo.com/quote/APC8.F,2026-07-02,Yahoo Finance via yfinance,3866585140587.0,18,,,api_market_cap_enriched; public Yahoo Finance screener result; not official exchange top-100 evidence; current research input only; not point-in-time historical membership; cross-listing/domicile review required where applicable; raw_currency=EUR; source_screener=https://finance.yahoo.com/screener/new,api_market_cap_enriched,Yahoo Finance broad Europe exchange-listed equities sorted by marketCap,computed_from_yahoo_market_cap_same_retrieval_date
MSF.F,MICROSOFT CORP.               R,FRA,Europe exchange listing,EUR,Yahoo Finance Equity Screener,https://finance.yahoo.com/quote/MSF.F,2026-07-02,Yahoo Finance via yfinance,2863562456773.69,19,,,api_market_cap_enriched; public Yahoo Finance screener result; not official exchange top-100 evidence; current research input only; not point-in-time historical membership; cross-listing/domicile review required where applicable; raw_currency=EUR; source_screener=https://finance.yahoo.com/screener/new,api_market_cap_enriched,Yahoo Finance broad Europe exchange-listed equities sorted by marketCap,computed_from_yahoo_market_cap_same_retrieval_date
1MSFT.MI,MICROSOFT CORP,MIL,Europe exchange listing,EUR,Yahoo Finance Equity Screener,https://finance.yahoo.com/quote/1MSFT.MI,2026-07-02,Yahoo Finance via yfinance,2857643403051.94,20,,,api_market_cap_enriched; public Yahoo Finance screener result; not official exchange top-100 evidence; current research input only; not point-in-time historical membership; cross-listing/domicile review required where applicable; raw_currency=EUR; source_screener=https://finance.yahoo.com/screener/new,api_market_cap_enriched,Yahoo Finance broad Europe exchange-listed equities sorted by marketCap,computed_from_yahoo_market_cap_same_retrieval_date
MSF.DE,MICROSOFT CORP.               R,GER,Europe exchange listing,EUR,Yahoo Finance Equity Screener,https://finance.yahoo.com/quote/MSF.DE,2026-07-02,Yahoo Finance via yfinance,2854683876191.06,21,,,api_market_cap_enriched; public Yahoo Finance screener result; not official exchange top-100 evidence; current research input only; not point-in-time historical membership; cross-listing/domicile review required where applicable; raw_currency=EUR; source_screener=https://finance.yahoo.com/screener/new,api_market_cap_enriched,Yahoo Finance broad Europe exchange-listed equities sorted by marketCap,computed_from_yahoo_market_cap_same_retrieval_date
MSFT.SW,MICROSOFT CORP,EBS,Europe exchange listing,CHF,Yahoo Finance Equity Screener,https://finance.yahoo.com/quote/MSFT.SW,2026-07-02,Yahoo Finance via yfinance,2754945328571.62,22,,,api_market_cap_enriched; public Yahoo Finance screener result; not official exchange top-100 evidence; current research input only; not point-in-time historical membership; cross-listing/domicile review required where applicable; raw_currency=CHF; source_screener=https://finance.yahoo.com/screener/new,api_market_cap_enriched,Yahoo Finance broad Europe exchange-listed equities sorted by marketCap,computed_from_yahoo_market_cap_same_retrieval_date
NFC1.F,Netflix Inc.                  R,FRA,Europe exchange listing,EUR,Yahoo Finance Equity Screener,https://finance.yahoo.com/quote/NFC1.F,2026-07-02,Yahoo Finance via yfinance,2710589711455.44,23,,,api_market_cap_enriched; public Yahoo Finance screener result; not official exchange top-100 evidence; current research input only; not point-in-time historical membership; cross-listing/domicile review required where applicable; raw_currency=EUR; source_screener=https://finance.yahoo.com/screener/new,api_market_cap_enriched,Yahoo Finance broad Europe exchange-listed equities sorted by marketCap,computed_from_yahoo_market_cap_same_retrieval_date
AMZN.SW,AMAZON.COM INC,EBS,Europe exchange listing,CHF,Yahoo Finance Equity Screener,https://finance.yahoo.com/quote/AMZN.SW,2026-07-02,Yahoo Finance via yfinance,2636749796885.5,24,,,api_market_cap_enriched; public Yahoo Finance screener result; not official exchange top-100 evidence; current research input only; not point-in-time historical membership; cross-listing/domicile review required where applicable; raw_currency=CHF; source_screener=https://finance.yahoo.com/screener/new,api_market_cap_enriched,Yahoo Finance broad Europe exchange-listed equities sorted by marketCap,computed_from_yahoo_market_cap_same_retrieval_date
1AMZN.MI,AMAZON,MIL,Europe exchange listing,EUR,Yahoo Finance Equity Screener,https://finance.yahoo.com/quote/1AMZN.MI,2026-07-02,Yahoo Finance via yfinance,2612441320956.19,25,,,api_market_cap_enriched; public Yahoo Finance screener result; not official exchange top-100 evidence; current research input only; not point-in-time historical membership; cross-listing/domicile review required where applicable; raw_currency=EUR; source_screener=https://finance.yahoo.com/screener/new,api_market_cap_enriched,Yahoo Finance broad Europe exchange-listed equities sorted by marketCap,computed_from_yahoo_market_cap_same_retrieval_date
AMZ.DE,AMAZON.COM INC.               R,GER,Europe exchange listing,EUR,Yahoo Finance Equity Screener,https://finance.yahoo.com/quote/AMZ.DE,2026-07-02,Yahoo Finance via yfinance,2609380039844.5,26,,,api_market_cap_enriched; public Yahoo Finance screener result; not official exchange top-100 evidence; current research input only; not point-in-time historical membership; cross-listing/domicile review required where applicable; raw_currency=EUR; source_screener=https://finance.yahoo.com/screener/new,api_market_cap_enriched,Yahoo Finance broad Europe exchange-listed equities sorted by marketCap,computed_from_yahoo_market_cap_same_retrieval_date
AMZ.F,AMAZON.COM INC.               R,FRA,Europe exchange listing,EUR,Yahoo Finance Equity Screener,https://finance.yahoo.com/quote/AMZ.F,2026-07-02,Yahoo Finance via yfinance,2603257477621.12,27,,,api_market_cap_enriched; public Yahoo Finance screener result; not official exchange top-100 evidence; current research input only; not point-in-time historical membership; cross-listing/domicile review required where applicable; raw_currency=EUR; source_screener=https://finance.yahoo.com/screener/new,api_market_cap_enriched,Yahoo Finance broad Europe exchange-listed equities sorted by marketCap,computed_from_yahoo_market_cap_same_retrieval_date
MSF0.F,Microsoft Corp.               R,FRA,Europe exchange listing,EUR,Yahoo Finance Equity Screener,https://finance.yahoo.com/quote/MSF0.F,2026-07-02,Yahoo Finance via yfinance,2498482080438.09,28,,,api_market_cap_enriched; public Yahoo Finance screener result; not official exchange top-100 evidence; current research input only; not point-in-time historical membership; cross-listing/domicile review required where applicable; raw_currency=EUR; source_screener=https://finance.yahoo.com/screener/new,api_market_cap_enriched,Yahoo Finance broad Europe exchange-listed equities sorted by marketCap,computed_from_yahoo_market_cap_same_retrieval_date
AMZ1.F,Amazon.com Inc.               R,FRA,Europe exchange listing,EUR,Yahoo Finance Equity Screener,https://finance.yahoo.com/quote/AMZ1.F,2026-07-02,Yahoo Finance via yfinance,2375723186021.66,29,,,api_market_cap_enriched; public Yahoo Finance screener result; not official exchange top-100 evidence; current research input only; not point-in-time historical membership; cross-listing/domicile review required where applicable; raw_currency=EUR; source_screener=https://finance.yahoo.com/screener/new,api_market_cap_enriched,Yahoo Finance broad Europe exchange-listed equities sorted by marketCap,computed_from_yahoo_market_cap_same_retrieval_date
TSFA.F,TAIWAN SEMICONDUCT.MANUFACT.COR,FRA,Europe exchange listing,EUR,Yahoo Finance Equity Screener,https://finance.yahoo.com/quote/TSFA.F,2026-07-02,Yahoo Finance via yfinance,2331994669734.44,30,,,api_market_cap_enriched; public Yahoo Finance screener result; not official exchange top-100 evidence; current research input only; not point-in-time historical membership; cross-listing/domicile review required where applicable; raw_currency=EUR; source_screener=https://finance.yahoo.com/screener/new,api_market_cap_enriched,Yahoo Finance broad Europe exchange-listed equities sorted by marketCap,computed_from_yahoo_market_cap_same_retrieval_date
1SPCX.MI,SPACE EXPLORATION TECHNOLOGIES,MIL,Europe exchange listing,EUR,Yahoo Finance Equity Screener,https://finance.yahoo.com/quote/1SPCX.MI,2026-07-02,Yahoo Finance via yfinance,2108469973056.28,31,,,api_market_cap_enriched; public Yahoo Finance screener result; not official exchange top-100 evidence; current research input only; not point-in-time historical membership; cross-listing/domicile review required where applicable; raw_currency=EUR; source_screener=https://finance.yahoo.com/screener/new,api_market_cap_enriched,Yahoo Finance broad Europe exchange-listed equities sorted by marketCap,computed_from_yahoo_market_cap_same_retrieval_date
SPX.F,Space Exploration Techs. Corp.R,FRA,Europe exchange listing,EUR,Yahoo Finance Equity Screener,https://finance.yahoo.com/quote/SPX.F,2026-07-02,Yahoo Finance via yfinance,2073678672865.72,32,,,api_market_cap_enriched; public Yahoo Finance screener result; not official exchange top-100 evidence; current research input only; not point-in-time historical membership; cross-listing/domicile review required where applicable; raw_currency=EUR; source_screener=https://finance.yahoo.com/screener/new,api_market_cap_enriched,Yahoo Finance broad Europe exchange-listed equities sorted by marketCap,computed_from_yahoo_market_cap_same_retrieval_date
1AVGO.MI,BROADCOM,MIL,Europe exchange listing,EUR,Yahoo Finance Equity Screener,https://finance.yahoo.com/quote/1AVGO.MI,2026-07-02,Yahoo Finance via yfinance,1770621540794.44,33,,,api_market_cap_enriched; public Yahoo Finance screener result; not official exchange top-100 evidence; current research input only; not point-in-time historical membership; cross-listing/domicile review required where applicable; raw_currency=EUR; source_screener=https://finance.yahoo.com/screener/new,api_market_cap_enriched,Yahoo Finance broad Europe exchange-listed equities sorted by marketCap,computed_from_yahoo_market_cap_same_retrieval_date
1YD.DE,Broadcom Inc.                 R,GER,Europe exchange listing,EUR,Yahoo Finance Equity Screener,https://finance.yahoo.com/quote/1YD.DE,2026-07-02,Yahoo Finance via yfinance,1769267701979.38,34,,,api_market_cap_enriched; public Yahoo Finance screener result; not official exchange top-100 evidence; current research input only; not point-in-time historical membership; cross-listing/domicile review required where applicable; raw_currency=EUR; source_screener=https://finance.yahoo.com/screener/new,api_market_cap_enriched,Yahoo Finance broad Europe exchange-listed equities sorted by marketCap,computed_from_yahoo_market_cap_same_retrieval_date
1YD.F,Broadcom Inc.                 R,FRA,Europe exchange listing,EUR,Yahoo Finance Equity Screener,https://finance.yahoo.com/quote/1YD.F,2026-07-02,Yahoo Finance via yfinance,1767913713964.53,35,,,api_market_cap_enriched; public Yahoo Finance screener result; not official exchange top-100 evidence; current research input only; not point-in-time historical membership; cross-listing/domicile review required where applicable; raw_currency=EUR; source_screener=https://finance.yahoo.com/screener/new,api_market_cap_enriched,Yahoo Finance broad Europe exchange-listed equities sorted by marketCap,computed_from_yahoo_market_cap_same_retrieval_date
TL0.DE,Tesla Inc.                    R,GER,Europe exchange listing,EUR,Yahoo Finance Equity Screener,https://finance.yahoo.com/quote/TL0.DE,2026-07-02,Yahoo Finance via yfinance,1620925073472.66,36,,,api_market_cap_enriched; public Yahoo Finance screener result; not official exchange top-100 evidence; current research input only; not point-in-time historical membership; cross-listing/domicile review required where applicable; raw_currency=EUR; source_screener=https://finance.yahoo.com/screener/new,api_market_cap_enriched,Yahoo Finance broad Europe exchange-listed equities sorted by marketCap,computed_from_yahoo_market_cap_same_retrieval_date
1TSLA.MI,TESLA,MIL,Europe exchange listing,EUR,Yahoo Finance Equity Screener,https://finance.yahoo.com/quote/1TSLA.MI,2026-07-02,Yahoo Finance via yfinance,1620711419385.91,37,,,api_market_cap_enriched; public Yahoo Finance screener result; not official exchange top-100 evidence; current research input only; not point-in-time historical membership; cross-listing/domicile review required where applicable; raw_currency=EUR; source_screener=https://finance.yahoo.com/screener/new,api_market_cap_enriched,Yahoo Finance broad Europe exchange-listed equities sorted by marketCap,computed_from_yahoo_market_cap_same_retrieval_date
TL0.F,Tesla Inc.                    R,FRA,Europe exchange listing,EUR,Yahoo Finance Equity Screener,https://finance.yahoo.com/quote/TL0.F,2026-07-02,Yahoo Finance via yfinance,1599549370012.75,38,,,api_market_cap_enriched; public Yahoo Finance screener result; not official exchange top-100 evidence; current research input only; not point-in-time historical membership; cross-listing/domicile review required where applicable; raw_currency=EUR; source_screener=https://finance.yahoo.com/screener/new,api_market_cap_enriched,Yahoo Finance broad Europe exchange-listed equities sorted by marketCap,computed_from_yahoo_market_cap_same_retrieval_date
1FB.MI,META PLATFORMS,MIL,Europe exchange listing,EUR,Yahoo Finance Equity Screener,https://finance.yahoo.com/quote/1FB.MI,2026-07-02,Yahoo Finance via yfinance,1583733447201.34,39,,,api_market_cap_enriched; public Yahoo Finance screener result; not official exchange top-100 evidence; current research input only; not point-in-time historical membership; cross-listing/domicile review required where applicable; raw_currency=EUR; source_screener=https://finance.yahoo.com/screener/new,api_market_cap_enriched,Yahoo Finance broad Europe exchange-listed equities sorted by marketCap,computed_from_yahoo_market_cap_same_retrieval_date
FB2A.DE,Meta Platforms Inc.           R,GER,Europe exchange listing,EUR,Yahoo Finance Equity Screener,https://finance.yahoo.com/quote/FB2A.DE,2026-07-02,Yahoo Finance via yfinance,1583444596424.84,40,,,api_market_cap_enriched; public Yahoo Finance screener result; not official exchange top-100 evidence; current research input only; not point-in-time historical membership; cross-listing/domicile review required where applicable; raw_currency=EUR; source_screener=https://finance.yahoo.com/screener/new,api_market_cap_enriched,Yahoo Finance broad Europe exchange-listed equities sorted by marketCap,computed_from_yahoo_market_cap_same_retrieval_date
FB2A.F,Meta Platforms Inc.           R,FRA,Europe exchange listing,EUR,Yahoo Finance Equity Screener,https://finance.yahoo.com/quote/FB2A.F,2026-07-02,Yahoo Finance via yfinance,1567263432548.94,41,,,api_market_cap_enriched; public Yahoo Finance screener result; not official exchange top-100 evidence; current research input only; not point-in-time historical membership; cross-listing/domicile review required where applicable; raw_currency=EUR; source_screener=https://finance.yahoo.com/screener/new,api_market_cap_enriched,Yahoo Finance broad Europe exchange-listed equities sorted by marketCap,computed_from_yahoo_market_cap_same_retrieval_date
TL01.F,Tesla Inc.                    R,FRA,Europe exchange listing,EUR,Yahoo Finance Equity Screener,https://finance.yahoo.com/quote/TL01.F,2026-07-02,Yahoo Finance via yfinance,1436095340061.69,42,,,api_market_cap_enriched; public Yahoo Finance screener result; not official exchange top-100 evidence; current research input only; not point-in-time historical membership; cross-listing/domicile review required where applicable; raw_currency=EUR; source_screener=https://finance.yahoo.com/screener/new,api_market_cap_enriched,Yahoo Finance broad Europe exchange-listed equities sorted by marketCap,computed_from_yahoo_market_cap_same_retrieval_date
MU.SW,MICRON TECH,EBS,Europe exchange listing,CHF,Yahoo Finance Equity Screener,https://finance.yahoo.com/quote/MU.SW,2026-07-02,Yahoo Finance via yfinance,1319133214395.4,43,,,api_market_cap_enriched; public Yahoo Finance screener result; not official exchange top-100 evidence; current research input only; not point-in-time historical membership; cross-listing/domicile review required where applicable; raw_currency=CHF; source_screener=https://finance.yahoo.com/screener/new,api_market_cap_enriched,Yahoo Finance broad Europe exchange-listed equities sorted by marketCap,computed_from_yahoo_market_cap_same_retrieval_date
FB20.F,Meta Platforms Inc.           R,FRA,Europe exchange listing,EUR,Yahoo Finance Equity Screener,https://finance.yahoo.com/quote/FB20.F,2026-07-02,Yahoo Finance via yfinance,1294213658882.22,44,,,api_market_cap_enriched; public Yahoo Finance screener result; not official exchange top-100 evidence; current research input only; not point-in-time historical membership; cross-listing/domicile review required where applicable; raw_currency=EUR; source_screener=https://finance.yahoo.com/screener/new,api_market_cap_enriched,Yahoo Finance broad Europe exchange-listed equities sorted by marketCap,computed_from_yahoo_market_cap_same_retrieval_date
SSU.F,SAMSUNG ELECTRONICS CO. LTD.  R,FRA,Europe exchange listing,EUR,Yahoo Finance Equity Screener,https://finance.yahoo.com/quote/SSU.F,2026-07-02,Yahoo Finance via yfinance,1285656156228.84,45,,,api_market_cap_enriched; public Yahoo Finance screener result; not official exchange top-100 evidence; current research input only; not point-in-time historical membership; cross-listing/domicile review required where applicable; raw_currency=EUR; source_screener=https://finance.yahoo.com/screener/new,api_market_cap_enriched,Yahoo Finance broad Europe exchange-listed equities sorted by marketCap,computed_from_yahoo_market_cap_same_retrieval_date
1MU.MI,MICRON TECHNOLOGY,MIL,Europe exchange listing,EUR,Yahoo Finance Equity Screener,https://finance.yahoo.com/quote/1MU.MI,2026-07-02,Yahoo Finance via yfinance,1205757435372.75,46,,,api_market_cap_enriched; public Yahoo Finance screener result; not official exchange top-100 evidence; current research input only; not point-in-time historical membership; cross-listing/domicile review required where applicable; raw_currency=EUR; source_screener=https://finance.yahoo.com/screener/new,api_market_cap_enriched,Yahoo Finance broad Europe exchange-listed equities sorted by marketCap,computed_from_yahoo_market_cap_same_retrieval_date
MTE.DE,MICRON TECHNOLOGY INC.        R,GER,Europe exchange listing,EUR,Yahoo Finance Equity Screener,https://finance.yahoo.com/quote/MTE.DE,2026-07-02,Yahoo Finance via yfinance,1199586532420.25,47,,,api_market_cap_enriched; public Yahoo Finance screener result; not official exchange top-100 evidence; current research input only; not point-in-time historical membership; cross-listing/domicile review required where applicable; raw_currency=EUR; source_screener=https://finance.yahoo.com/screener/new,api_market_cap_enriched,Yahoo Finance broad Europe exchange-listed equities sorted by marketCap,computed_from_yahoo_market_cap_same_retrieval_date
MTE.F,MICRON TECHNOLOGY INC.        R,FRA,Europe exchange listing,EUR,Yahoo Finance Equity Screener,https://finance.yahoo.com/quote/MTE.F,2026-07-02,Yahoo Finance via yfinance,1168475244834.22,48,,,api_market_cap_enriched; public Yahoo Finance screener result; not official exchange top-100 evidence; current research input only; not point-in-time historical membership; cross-listing/domicile review required where applicable; raw_currency=EUR; source_screener=https://finance.yahoo.com/screener/new,api_market_cap_enriched,Yahoo Finance broad Europe exchange-listed equities sorted by marketCap,computed_from_yahoo_market_cap_same_retrieval_date
HY9H.F,SK Hynix Inc.                 R,FRA,Europe exchange listing,EUR,Yahoo Finance Equity Screener,https://finance.yahoo.com/quote/HY9H.F,2026-07-02,Yahoo Finance via yfinance,1131242961622.52,49,,,api_market_cap_enriched; public Yahoo Finance screener result; not official exchange top-100 evidence; current research input only; not point-in-time historical membership; cross-listing/domicile review required where applicable; raw_currency=EUR; source_screener=https://finance.yahoo.com/screener/new,api_market_cap_enriched,Yahoo Finance broad Europe exchange-listed equities sorted by marketCap,computed_from_yahoo_market_cap_same_retrieval_date
BRYN.F,Berkshire Hathaway Inc.       R,FRA,Europe exchange listing,EUR,Yahoo Finance Equity Screener,https://finance.yahoo.com/quote/BRYN.F,2026-07-02,Yahoo Finance via yfinance,1084073749179.89,50,,,api_market_cap_enriched; public Yahoo Finance screener result; not official exchange top-100 evidence; current research input only; not point-in-time historical membership; cross-listing/domicile review required where applicable; raw_currency=EUR; source_screener=https://finance.yahoo.com/screener/new,api_market_cap_enriched,Yahoo Finance broad Europe exchange-listed equities sorted by marketCap,computed_from_yahoo_market_cap_same_retrieval_date
BRYN.DE,Berkshire Hathaway Inc.       R,GER,Europe exchange listing,EUR,Yahoo Finance Equity Screener,https://finance.yahoo.com/quote/BRYN.DE,2026-07-02,Yahoo Finance via yfinance,1081373158539.38,51,,,api_market_cap_enriched; public Yahoo Finance screener result; not official exchange top-100 evidence; current research input only; not point-in-time historical membership; cross-listing/domicile review required where applicable; raw_currency=EUR; source_screener=https://finance.yahoo.com/screener/new,api_market_cap_enriched,Yahoo Finance broad Europe exchange-listed equities sorted by marketCap,computed_from_yahoo_market_cap_same_retrieval_date
1BRK.MI,BERKSHIRE HATHAWAY B,MIL,Europe exchange listing,EUR,Yahoo Finance Equity Screener,https://finance.yahoo.com/quote/1BRK.MI,2026-07-02,Yahoo Finance via yfinance,1079286226599.14,52,,,api_market_cap_enriched; public Yahoo Finance screener result; not official exchange top-100 evidence; current research input only; not point-in-time historical membership; cross-listing/domicile review required where applicable; raw_currency=EUR; source_screener=https://finance.yahoo.com/screener/new,api_market_cap_enriched,Yahoo Finance broad Europe exchange-listed equities sorted by marketCap,computed_from_yahoo_market_cap_same_retrieval_date
LLY.SW,LILLY ELI,EBS,Europe exchange listing,CHF,Yahoo Finance Equity Screener,https://finance.yahoo.com/quote/LLY.SW,2026-07-02,Yahoo Finance via yfinance,1069313558345.01,53,,,api_market_cap_enriched; public Yahoo Finance screener result; not official exchange top-100 evidence; current research input only; not point-in-time historical membership; cross-listing/domicile review required where applicable; raw_currency=CHF; source_screener=https://finance.yahoo.com/screener/new,api_market_cap_enriched,Yahoo Finance broad Europe exchange-listed equities sorted by marketCap,computed_from_yahoo_market_cap_same_retrieval_date
BRK.SW,BERKSHIRE HATH-B,EBS,Europe exchange listing,CHF,Yahoo Finance Equity Screener,https://finance.yahoo.com/quote/BRK.SW,2026-07-02,Yahoo Finance via yfinance,1065361808641.77,54,,,api_market_cap_enriched; public Yahoo Finance screener result; not official exchange top-100 evidence; current research input only; not point-in-time historical membership; cross-listing/domicile review required where applicable; raw_currency=CHF; source_screener=https://finance.yahoo.com/screener/new,api_market_cap_enriched,Yahoo Finance broad Europe exchange-listed equities sorted by marketCap,computed_from_yahoo_market_cap_same_retrieval_date
BRH.F,BERKSHIRE HATHAWAY INC.       R,FRA,Europe exchange listing,EUR,Yahoo Finance Equity Screener,https://finance.yahoo.com/quote/BRH.F,2026-07-02,Yahoo Finance via yfinance,1063900968956.31,55,,,api_market_cap_enriched; public Yahoo Finance screener result; not official exchange top-100 evidence; current research input only; not point-in-time historical membership; cross-listing/domicile review required where applicable; raw_currency=EUR; source_screener=https://finance.yahoo.com/screener/new,api_market_cap_enriched,Yahoo Finance broad Europe exchange-listed equities sorted by marketCap,computed_from_yahoo_market_cap_same_retrieval_date
LLY.DE,Eli Lilly and Company         R,GER,Europe exchange listing,EUR,Yahoo Finance Equity Screener,https://finance.yahoo.com/quote/LLY.DE,2026-07-02,Yahoo Finance via yfinance,1062172191090.97,56,,,api_market_cap_enriched; public Yahoo Finance screener result; not official exchange top-100 evidence; current research input only; not point-in-time historical membership; cross-listing/domicile review required where applicable; raw_currency=EUR; source_screener=https://finance.yahoo.com/screener/new,api_market_cap_enriched,Yahoo Finance broad Europe exchange-listed equities sorted by marketCap,computed_from_yahoo_market_cap_same_retrieval_date
1LLY.MI,ELI LILLY & COMPANY,MIL,Europe exchange listing,EUR,Yahoo Finance Equity Screener,https://finance.yahoo.com/quote/1LLY.MI,2026-07-02,Yahoo Finance via yfinance,1060548076872.17,57,,,api_market_cap_enriched; public Yahoo Finance screener result; not official exchange top-100 evidence; current research input only; not point-in-time historical membership; cross-listing/domicile review required where applicable; raw_currency=EUR; source_screener=https://finance.yahoo.com/screener/new,api_market_cap_enriched,Yahoo Finance broad Europe exchange-listed equities sorted by marketCap,computed_from_yahoo_market_cap_same_retrieval_date
LLY.F,Eli Lilly and Company         R,FRA,Europe exchange listing,EUR,Yahoo Finance Equity Screener,https://finance.yahoo.com/quote/LLY.F,2026-07-02,Yahoo Finance via yfinance,1056081706820.56,58,,,api_market_cap_enriched; public Yahoo Finance screener result; not official exchange top-100 evidence; current research input only; not point-in-time historical membership; cross-listing/domicile review required where applicable; raw_currency=EUR; source_screener=https://finance.yahoo.com/screener/new,api_market_cap_enriched,Yahoo Finance broad Europe exchange-listed equities sorted by marketCap,computed_from_yahoo_market_cap_same_retrieval_date
BRHF.F,Berkshire Hathaway Inc.       R,FRA,Europe exchange listing,EUR,Yahoo Finance Equity Screener,https://finance.yahoo.com/quote/BRHF.F,2026-07-02,Yahoo Finance via yfinance,979278508425.95,59,,,api_market_cap_enriched; public Yahoo Finance screener result; not official exchange top-100 evidence; current research input only; not point-in-time historical membership; cross-listing/domicile review required where applicable; raw_currency=EUR; source_screener=https://finance.yahoo.com/screener/new,api_market_cap_enriched,Yahoo Finance broad Europe exchange-listed equities sorted by marketCap,computed_from_yahoo_market_cap_same_retrieval_date
LLY0.F,Eli Lilly and Company         R,FRA,Europe exchange listing,EUR,Yahoo Finance Equity Screener,https://finance.yahoo.com/quote/LLY0.F,2026-07-02,Yahoo Finance via yfinance,974956339962.92,60,,,api_market_cap_enriched; public Yahoo Finance screener result; not official exchange top-100 evidence; current research input only; not point-in-time historical membership; cross-listing/domicile review required where applicable; raw_currency=EUR; source_screener=https://finance.yahoo.com/screener/new,api_market_cap_enriched,Yahoo Finance broad Europe exchange-listed equities sorted by marketCap,computed_from_yahoo_market_cap_same_retrieval_date
1AMD.MI,ADVANCED MICRO DEVICES,MIL,Europe exchange listing,EUR,Yahoo Finance Equity Screener,https://finance.yahoo.com/quote/1AMD.MI,2026-07-02,Yahoo Finance via yfinance,906528545888.67,61,,,api_market_cap_enriched; public Yahoo Finance screener result; not official exchange top-100 evidence; current research input only; not point-in-time historical membership; cross-listing/domicile review required where applicable; raw_currency=EUR; source_screener=https://finance.yahoo.com/screener/new,api_market_cap_enriched,Yahoo Finance broad Europe exchange-listed equities sorted by marketCap,computed_from_yahoo_market_cap_same_retrieval_date
AMD.DE,ADVANCED MICRO DEVICES INC.   R,GER,Europe exchange listing,EUR,Yahoo Finance Equity Screener,https://finance.yahoo.com/quote/AMD.DE,2026-07-02,Yahoo Finance via yfinance,905878930041.11,62,,,api_market_cap_enriched; public Yahoo Finance screener result; not official exchange top-100 evidence; current research input only; not point-in-time historical membership; cross-listing/domicile review required where applicable; raw_currency=EUR; source_screener=https://finance.yahoo.com/screener/new,api_market_cap_enriched,Yahoo Finance broad Europe exchange-listed equities sorted by marketCap,computed_from_yahoo_market_cap_same_retrieval_date
AMD.F,ADVANCED MICRO DEVICES INC.   R,FRA,Europe exchange listing,EUR,Yahoo Finance Equity Screener,https://finance.yahoo.com/quote/AMD.F,2026-07-02,Yahoo Finance via yfinance,898918461846.23,63,,,api_market_cap_enriched; public Yahoo Finance screener result; not official exchange top-100 evidence; current research input only; not point-in-time historical membership; cross-listing/domicile review required where applicable; raw_currency=EUR; source_screener=https://finance.yahoo.com/screener/new,api_market_cap_enriched,Yahoo Finance broad Europe exchange-listed equities sorted by marketCap,computed_from_yahoo_market_cap_same_retrieval_date
1JPM.MI,J.P. MORGAN CHASE & CO.,MIL,Europe exchange listing,EUR,Yahoo Finance Equity Screener,https://finance.yahoo.com/quote/1JPM.MI,2026-07-02,Yahoo Finance via yfinance,892916303846.33,64,,,api_market_cap_enriched; public Yahoo Finance screener result; not official exchange top-100 evidence; current research input only; not point-in-time historical membership; cross-listing/domicile review required where applicable; raw_currency=EUR; source_screener=https://finance.yahoo.com/screener/new,api_market_cap_enriched,Yahoo Finance broad Europe exchange-listed equities sorted by marketCap,computed_from_yahoo_market_cap_same_retrieval_date
CMC.DE,JPMorgan Chase & Co.          R,GER,Europe exchange listing,EUR,Yahoo Finance Equity Screener,https://finance.yahoo.com/quote/CMC.DE,2026-07-02,Yahoo Finance via yfinance,892458782717.12,65,,,api_market_cap_enriched; public Yahoo Finance screener result; not official exchange top-100 evidence; current research input only; not point-in-time historical membership; cross-listing/domicile review required where applicable; raw_currency=EUR; source_screener=https://finance.yahoo.com/screener/new,api_market_cap_enriched,Yahoo Finance broad Europe exchange-listed equities sorted by marketCap,computed_from_yahoo_market_cap_same_retrieval_date
CMC.F,JPMorgan Chase & Co.          R,FRA,Europe exchange listing,EUR,Yahoo Finance Equity Screener,https://finance.yahoo.com/quote/CMC.F,2026-07-02,Yahoo Finance via yfinance,879800897075.55,66,,,api_market_cap_enriched; public Yahoo Finance screener result; not official exchange top-100 evidence; current research input only; not point-in-time historical membership; cross-listing/domicile review required where applicable; raw_currency=EUR; source_screener=https://finance.yahoo.com/screener/new,api_market_cap_enriched,Yahoo Finance broad Europe exchange-listed equities sorted by marketCap,computed_from_yahoo_market_cap_same_retrieval_date
WMT.F,Walmart Inc.                  R,FRA,Europe exchange listing,EUR,Yahoo Finance Equity Screener,https://finance.yahoo.com/quote/WMT.F,2026-07-02,Yahoo Finance via yfinance,861393001064.38,67,,,api_market_cap_enriched; public Yahoo Finance screener result; not official exchange top-100 evidence; current research input only; not point-in-time historical membership; cross-listing/domicile review required where applicable; raw_currency=EUR; source_screener=https://finance.yahoo.com/screener/new,api_market_cap_enriched,Yahoo Finance broad Europe exchange-listed equities sorted by marketCap,computed_from_yahoo_market_cap_same_retrieval_date
WMT.DE,Walmart Inc.                  R,GER,Europe exchange listing,EUR,Yahoo Finance Equity Screener,https://finance.yahoo.com/quote/WMT.DE,2026-07-02,Yahoo Finance via yfinance,857860099444.16,68,,,api_market_cap_enriched; public Yahoo Finance screener result; not official exchange top-100 evidence; current research input only; not point-in-time historical membership; cross-listing/domicile review required where applicable; raw_currency=EUR; source_screener=https://finance.yahoo.com/screener/new,api_market_cap_enriched,Yahoo Finance broad Europe exchange-listed equities sorted by marketCap,computed_from_yahoo_market_cap_same_retrieval_date
1WMT.MI,WALMART,MIL,Europe exchange listing,EUR,Yahoo Finance Equity Screener,https://finance.yahoo.com/quote/1WMT.MI,2026-07-02,Yahoo Finance via yfinance,856773104437.86,69,,,api_market_cap_enriched; public Yahoo Finance screener result; not official exchange top-100 evidence; current research input only; not point-in-time historical membership; cross-listing/domicile review required where applicable; raw_currency=EUR; source_screener=https://finance.yahoo.com/screener/new,api_market_cap_enriched,Yahoo Finance broad Europe exchange-listed equities sorted by marketCap,computed_from_yahoo_market_cap_same_retrieval_date
SSUN.F,SAMSUNG ELECTRONICS CO. LTD.  R,FRA,Europe exchange listing,EUR,Yahoo Finance Equity Screener,https://finance.yahoo.com/quote/SSUN.F,2026-07-02,Yahoo Finance via yfinance,838666368185.14,70,,,api_market_cap_enriched; public Yahoo Finance screener result; not official exchange top-100 evidence; current research input only; not point-in-time historical membership; cross-listing/domicile review required where applicable; raw_currency=EUR; source_screener=https://finance.yahoo.com/screener/new,api_market_cap_enriched,Yahoo Finance broad Europe exchange-listed equities sorted by marketCap,computed_from_yahoo_market_cap_same_retrieval_date
AMD0.F,Advanced Micro Devices Inc.   R,FRA,Europe exchange listing,EUR,Yahoo Finance Equity Screener,https://finance.yahoo.com/quote/AMD0.F,2026-07-02,Yahoo Finance via yfinance,834481015921.52,71,,,api_market_cap_enriched; public Yahoo Finance screener result; not official exchange top-100 evidence; current research input only; not point-in-time historical membership; cross-listing/domicile review required where applicable; raw_currency=EUR; source_screener=https://finance.yahoo.com/screener/new,api_market_cap_enriched,Yahoo Finance broad Europe exchange-listed equities sorted by marketCap,computed_from_yahoo_market_cap_same_retrieval_date
WMTD.F,Walmart Inc.                  R,FRA,Europe exchange listing,EUR,Yahoo Finance Equity Screener,https://finance.yahoo.com/quote/WMTD.F,2026-07-02,Yahoo Finance via yfinance,832414375151.53,72,,,api_market_cap_enriched; public Yahoo Finance screener result; not official exchange top-100 evidence; current research input only; not point-in-time historical membership; cross-listing/domicile review required where applicable; raw_currency=EUR; source_screener=https://finance.yahoo.com/screener/new,api_market_cap_enriched,Yahoo Finance broad Europe exchange-listed equities sorted by marketCap,computed_from_yahoo_market_cap_same_retrieval_date
CMCI.F,JPMorgan Chase & Co.          R,FRA,Europe exchange listing,EUR,Yahoo Finance Equity Screener,https://finance.yahoo.com/quote/CMCI.F,2026-07-02,Yahoo Finance via yfinance,796942873158.25,73,,,api_market_cap_enriched; public Yahoo Finance screener result; not official exchange top-100 evidence; current research input only; not point-in-time historical membership; cross-listing/domicile review required where applicable; raw_currency=EUR; source_screener=https://finance.yahoo.com/screener/new,api_market_cap_enriched,Yahoo Finance broad Europe exchange-listed equities sorted by marketCap,computed_from_yahoo_market_cap_same_retrieval_date
ASML.SW,"ASML HOLDING    EO -,09",EBS,Europe exchange listing,CHF,Yahoo Finance Equity Screener,https://finance.yahoo.com/quote/ASML.SW,2026-07-02,Yahoo Finance via yfinance,753949559670.77,74,,,api_market_cap_enriched; public Yahoo Finance screener result; not official exchange top-100 evidence; current research input only; not point-in-time historical membership; cross-listing/domicile review required where applicable; raw_currency=CHF; source_screener=https://finance.yahoo.com/screener/new,api_market_cap_enriched,Yahoo Finance broad Europe exchange-listed equities sorted by marketCap,computed_from_yahoo_market_cap_same_retrieval_date
ASME.DE,ASML Holding N.V.             A,GER,Europe exchange listing,EUR,Yahoo Finance Equity Screener,https://finance.yahoo.com/quote/ASME.DE,2026-07-02,Yahoo Finance via yfinance,728103809886.98,75,,,api_market_cap_enriched; public Yahoo Finance screener result; not official exchange top-100 evidence; current research input only; not point-in-time historical membership; cross-listing/domicile review required where applicable; raw_currency=EUR; source_screener=https://finance.yahoo.com/screener/new,api_market_cap_enriched,Yahoo Finance broad Europe exchange-listed equities sorted by marketCap,computed_from_yahoo_market_cap_same_retrieval_date
1ASML.MI,ASML,MIL,Europe exchange listing,EUR,Yahoo Finance Equity Screener,https://finance.yahoo.com/quote/1ASML.MI,2026-07-02,Yahoo Finance via yfinance,723892049262.08,76,,,api_market_cap_enriched; public Yahoo Finance screener result; not official exchange top-100 evidence; current research input only; not point-in-time historical membership; cross-listing/domicile review required where applicable; raw_currency=EUR; source_screener=https://finance.yahoo.com/screener/new,api_market_cap_enriched,Yahoo Finance broad Europe exchange-listed equities sorted by marketCap,computed_from_yahoo_market_cap_same_retrieval_date
ASMF.F,ASML Holding N.V.             A,FRA,Europe exchange listing,EUR,Yahoo Finance Equity Screener,https://finance.yahoo.com/quote/ASMF.F,2026-07-02,Yahoo Finance via yfinance,721698439478.25,77,,,api_market_cap_enriched; public Yahoo Finance screener result; not official exchange top-100 evidence; current research input only; not point-in-time historical membership; cross-listing/domicile review required where applicable; raw_currency=EUR; source_screener=https://finance.yahoo.com/screener/new,api_market_cap_enriched,Yahoo Finance broad Europe exchange-listed equities sorted by marketCap,computed_from_yahoo_market_cap_same_retrieval_date
ASML.AS,ASML HOLDING,AMS,Europe exchange listing,EUR,Yahoo Finance Equity Screener,https://finance.yahoo.com/quote/ASML.AS,2026-07-02,Yahoo Finance via yfinance,720206814665.2,78,,,api_market_cap_enriched; public Yahoo Finance screener result; not official exchange top-100 evidence; current research input only; not point-in-time historical membership; cross-listing/domicile review required where applicable; raw_currency=EUR; source_screener=https://finance.yahoo.com/screener/new,api_market_cap_enriched,Yahoo Finance broad Europe exchange-listed equities sorted by marketCap,computed_from_yahoo_market_cap_same_retrieval_date
ASM.F,ASML Holding N.V.             R,FRA,Europe exchange listing,EUR,Yahoo Finance Equity Screener,https://finance.yahoo.com/quote/ASM.F,2026-07-02,Yahoo Finance via yfinance,719609418741.08,79,,,api_market_cap_enriched; public Yahoo Finance screener result; not official exchange top-100 evidence; current research input only; not point-in-time historical membership; cross-listing/domicile review required where applicable; raw_currency=EUR; source_screener=https://finance.yahoo.com/screener/new,api_market_cap_enriched,Yahoo Finance broad Europe exchange-listed equities sorted by marketCap,computed_from_yahoo_market_cap_same_retrieval_date
ASME.F,ASML Holding N.V.             A,FRA,Europe exchange listing,EUR,Yahoo Finance Equity Screener,https://finance.yahoo.com/quote/ASME.F,2026-07-02,Yahoo Finance via yfinance,716872497953.83,80,,,api_market_cap_enriched; public Yahoo Finance screener result; not official exchange top-100 evidence; current research input only; not point-in-time historical membership; cross-listing/domicile review required where applicable; raw_currency=EUR; source_screener=https://finance.yahoo.com/screener/new,api_market_cap_enriched,Yahoo Finance broad Europe exchange-listed equities sorted by marketCap,computed_from_yahoo_market_cap_same_retrieval_date
INTC.SW,INTEL CORP,EBS,Europe exchange listing,CHF,Yahoo Finance Equity Screener,https://finance.yahoo.com/quote/INTC.SW,2026-07-02,Yahoo Finance via yfinance,671027993807.01,81,,,api_market_cap_enriched; public Yahoo Finance screener result; not official exchange top-100 evidence; current research input only; not point-in-time historical membership; cross-listing/domicile review required where applicable; raw_currency=CHF; source_screener=https://finance.yahoo.com/screener/new,api_market_cap_enriched,Yahoo Finance broad Europe exchange-listed equities sorted by marketCap,computed_from_yahoo_market_cap_same_retrieval_date
3V64.F,VISA Inc.                     R,FRA,Europe exchange listing,EUR,Yahoo Finance Equity Screener,https://finance.yahoo.com/quote/3V64.F,2026-07-02,Yahoo Finance via yfinance,666746817245.84,82,,,api_market_cap_enriched; public Yahoo Finance screener result; not official exchange top-100 evidence; current research input only; not point-in-time historical membership; cross-listing/domicile review required where applicable; raw_currency=EUR; source_screener=https://finance.yahoo.com/screener/new,api_market_cap_enriched,Yahoo Finance broad Europe exchange-listed equities sorted by marketCap,computed_from_yahoo_market_cap_same_retrieval_date
1V.MI,VISA - CLASSE A,MIL,Europe exchange listing,EUR,Yahoo Finance Equity Screener,https://finance.yahoo.com/quote/1V.MI,2026-07-02,Yahoo Finance via yfinance,666638647404.44,83,,,api_market_cap_enriched; public Yahoo Finance screener result; not official exchange top-100 evidence; current research input only; not point-in-time historical membership; cross-listing/domicile review required where applicable; raw_currency=EUR; source_screener=https://finance.yahoo.com/screener/new,api_market_cap_enriched,Yahoo Finance broad Europe exchange-listed equities sorted by marketCap,computed_from_yahoo_market_cap_same_retrieval_date
3V64.DE,VISA Inc.                     R,GER,Europe exchange listing,EUR,Yahoo Finance Equity Screener,https://finance.yahoo.com/quote/3V64.DE,2026-07-02,Yahoo Finance via yfinance,665339788708.77,84,,,api_market_cap_enriched; public Yahoo Finance screener result; not official exchange top-100 evidence; current research input only; not point-in-time historical membership; cross-listing/domicile review required where applicable; raw_currency=EUR; source_screener=https://finance.yahoo.com/screener/new,api_market_cap_enriched,Yahoo Finance broad Europe exchange-listed equities sorted by marketCap,computed_from_yahoo_market_cap_same_retrieval_date
1INTC.MI,INTEL,MIL,Europe exchange listing,EUR,Yahoo Finance Equity Screener,https://finance.yahoo.com/quote/1INTC.MI,2026-07-02,Yahoo Finance via yfinance,654495650207.95,85,,,api_market_cap_enriched; public Yahoo Finance screener result; not official exchange top-100 evidence; current research input only; not point-in-time historical membership; cross-listing/domicile review required where applicable; raw_currency=EUR; source_screener=https://finance.yahoo.com/screener/new,api_market_cap_enriched,Yahoo Finance broad Europe exchange-listed equities sorted by marketCap,computed_from_yahoo_market_cap_same_retrieval_date
INL.DE,INTEL CORP.                   R,GER,Europe exchange listing,EUR,Yahoo Finance Equity Screener,https://finance.yahoo.com/quote/INL.DE,2026-07-02,Yahoo Finance via yfinance,654037979878.97,86,,,api_market_cap_enriched; public Yahoo Finance screener result; not official exchange top-100 evidence; current research input only; not point-in-time historical membership; cross-listing/domicile review required where applicable; raw_currency=EUR; source_screener=https://finance.yahoo.com/screener/new,api_market_cap_enriched,Yahoo Finance broad Europe exchange-listed equities sorted by marketCap,computed_from_yahoo_market_cap_same_retrieval_date
INL.F,INTEL CORP.                   R,FRA,Europe exchange listing,EUR,Yahoo Finance Equity Screener,https://finance.yahoo.com/quote/INL.F,2026-07-02,Yahoo Finance via yfinance,639849528281.44,87,,,api_market_cap_enriched; public Yahoo Finance screener result; not official exchange top-100 evidence; current research input only; not point-in-time historical membership; cross-listing/domicile review required where applicable; raw_currency=EUR; source_screener=https://finance.yahoo.com/screener/new,api_market_cap_enriched,Yahoo Finance broad Europe exchange-listed equities sorted by marketCap,computed_from_yahoo_market_cap_same_retrieval_date
INL0.F,Intel Corp.                   R,FRA,Europe exchange listing,EUR,Yahoo Finance Equity Screener,https://finance.yahoo.com/quote/INL0.F,2026-07-02,Yahoo Finance via yfinance,622527097978.8,88,,,api_market_cap_enriched; public Yahoo Finance screener result; not official exchange top-100 evidence; current research input only; not point-in-time historical membership; cross-listing/domicile review required where applicable; raw_currency=EUR; source_screener=https://finance.yahoo.com/screener/new,api_market_cap_enriched,Yahoo Finance broad Europe exchange-listed equities sorted by marketCap,computed_from_yahoo_market_cap_same_retrieval_date
JNJ.DE,JOHNSON & JOHNSON             R,GER,Europe exchange listing,EUR,Yahoo Finance Equity Screener,https://finance.yahoo.com/quote/JNJ.DE,2026-07-02,Yahoo Finance via yfinance,607490035325.47,89,,,api_market_cap_enriched; public Yahoo Finance screener result; not official exchange top-100 evidence; current research input only; not point-in-time historical membership; cross-listing/domicile review required where applicable; raw_currency=EUR; source_screener=https://finance.yahoo.com/screener/new,api_market_cap_enriched,Yahoo Finance broad Europe exchange-listed equities sorted by marketCap,computed_from_yahoo_market_cap_same_retrieval_date
JNJ.F,JOHNSON & JOHNSON             R,FRA,Europe exchange listing,EUR,Yahoo Finance Equity Screener,https://finance.yahoo.com/quote/JNJ.F,2026-07-02,Yahoo Finance via yfinance,607216067227.15,90,,,api_market_cap_enriched; public Yahoo Finance screener result; not official exchange top-100 evidence; current research input only; not point-in-time historical membership; cross-listing/domicile review required where applicable; raw_currency=EUR; source_screener=https://finance.yahoo.com/screener/new,api_market_cap_enriched,Yahoo Finance broad Europe exchange-listed equities sorted by marketCap,computed_from_yahoo_market_cap_same_retrieval_date
1JNJ.MI,JOHNSON & JOHNSON,MIL,Europe exchange listing,EUR,Yahoo Finance Equity Screener,https://finance.yahoo.com/quote/1JNJ.MI,2026-07-02,Yahoo Finance via yfinance,605434957538.53,91,,,api_market_cap_enriched; public Yahoo Finance screener result; not official exchange top-100 evidence; current research input only; not point-in-time historical membership; cross-listing/domicile review required where applicable; raw_currency=EUR; source_screener=https://finance.yahoo.com/screener/new,api_market_cap_enriched,Yahoo Finance broad Europe exchange-listed equities sorted by marketCap,computed_from_yahoo_market_cap_same_retrieval_date
3V6.F,VISA Inc.                     R,FRA,Europe exchange listing,EUR,Yahoo Finance Equity Screener,https://finance.yahoo.com/quote/3V6.F,2026-07-02,Yahoo Finance via yfinance,589227161501.67,92,,,api_market_cap_enriched; public Yahoo Finance screener result; not official exchange top-100 evidence; current research input only; not point-in-time historical membership; cross-listing/domicile review required where applicable; raw_currency=EUR; source_screener=https://finance.yahoo.com/screener/new,api_market_cap_enriched,Yahoo Finance broad Europe exchange-listed equities sorted by marketCap,computed_from_yahoo_market_cap_same_retrieval_date
XONA.DE,EXXON MOBIL CORP.             R,GER,Europe exchange listing,EUR,Yahoo Finance Equity Screener,https://finance.yahoo.com/quote/XONA.DE,2026-07-02,Yahoo Finance via yfinance,565241580868.25,93,,,api_market_cap_enriched; public Yahoo Finance screener result; not official exchange top-100 evidence; current research input only; not point-in-time historical membership; cross-listing/domicile review required where applicable; raw_currency=EUR; source_screener=https://finance.yahoo.com/screener/new,api_market_cap_enriched,Yahoo Finance broad Europe exchange-listed equities sorted by marketCap,computed_from_yahoo_market_cap_same_retrieval_date
XONA.F,EXXON MOBIL CORP.             R,FRA,Europe exchange listing,EUR,Yahoo Finance Equity Screener,https://finance.yahoo.com/quote/XONA.F,2026-07-02,Yahoo Finance via yfinance,564486629975.12,94,,,api_market_cap_enriched; public Yahoo Finance screener result; not official exchange top-100 evidence; current research input only; not point-in-time historical membership; cross-listing/domicile review required where applicable; raw_currency=EUR; source_screener=https://finance.yahoo.com/screener/new,api_market_cap_enriched,Yahoo Finance broad Europe exchange-listed equities sorted by marketCap,computed_from_yahoo_market_cap_same_retrieval_date
JNJ0.F,Johnson & Johnson             R,FRA,Europe exchange listing,EUR,Yahoo Finance Equity Screener,https://finance.yahoo.com/quote/JNJ0.F,2026-07-02,Yahoo Finance via yfinance,555262055099.78,95,,,api_market_cap_enriched; public Yahoo Finance screener result; not official exchange top-100 evidence; current research input only; not point-in-time historical membership; cross-listing/domicile review required where applicable; raw_currency=EUR; source_screener=https://finance.yahoo.com/screener/new,api_market_cap_enriched,Yahoo Finance broad Europe exchange-listed equities sorted by marketCap,computed_from_yahoo_market_cap_same_retrieval_date
1XOM.MI,EXXON MOBIL,MIL,Europe exchange listing,EUR,Yahoo Finance Equity Screener,https://finance.yahoo.com/quote/1XOM.MI,2026-07-02,Yahoo Finance via yfinance,534573192832.86,96,,,api_market_cap_enriched; public Yahoo Finance screener result; not official exchange top-100 evidence; current research input only; not point-in-time historical membership; cross-listing/domicile review required where applicable; raw_currency=EUR; source_screener=https://finance.yahoo.com/screener/new,api_market_cap_enriched,Yahoo Finance broad Europe exchange-listed equities sorted by marketCap,computed_from_yahoo_market_cap_same_retrieval_date
1AMAT.MI,APPLIED MATERIALS,MIL,Europe exchange listing,EUR,Yahoo Finance Equity Screener,https://finance.yahoo.com/quote/1AMAT.MI,2026-07-02,Yahoo Finance via yfinance,530240207385.69,97,,,api_market_cap_enriched; public Yahoo Finance screener result; not official exchange top-100 evidence; current research input only; not point-in-time historical membership; cross-listing/domicile review required where applicable; raw_currency=EUR; source_screener=https://finance.yahoo.com/screener/new,api_market_cap_enriched,Yahoo Finance broad Europe exchange-listed equities sorted by marketCap,computed_from_yahoo_market_cap_same_retrieval_date
AP2.DE,APPLIED MATERIALS INC.        R,GER,Europe exchange listing,EUR,Yahoo Finance Equity Screener,https://finance.yahoo.com/quote/AP2.DE,2026-07-02,Yahoo Finance via yfinance,529155674175.78,98,,,api_market_cap_enriched; public Yahoo Finance screener result; not official exchange top-100 evidence; current research input only; not point-in-time historical membership; cross-listing/domicile review required where applicable; raw_currency=EUR; source_screener=https://finance.yahoo.com/screener/new,api_market_cap_enriched,Yahoo Finance broad Europe exchange-listed equities sorted by marketCap,computed_from_yahoo_market_cap_same_retrieval_date
AP2.F,APPLIED MATERIALS INC.        R,FRA,Europe exchange listing,EUR,Yahoo Finance Equity Screener,https://finance.yahoo.com/quote/AP2.F,2026-07-02,Yahoo Finance via yfinance,511712988849.46,99,,,api_market_cap_enriched; public Yahoo Finance screener result; not official exchange top-100 evidence; current research input only; not point-in-time historical membership; cross-listing/domicile review required where applicable; raw_currency=EUR; source_screener=https://finance.yahoo.com/screener/new,api_market_cap_enriched,Yahoo Finance broad Europe exchange-listed equities sorted by marketCap,computed_from_yahoo_market_cap_same_retrieval_date
AP20.F,Applied Materials Inc.        R,FRA,Europe exchange listing,EUR,Yahoo Finance Equity Screener,https://finance.yahoo.com/quote/AP20.F,2026-07-02,Yahoo Finance via yfinance,509297630890.75,100,,,api_market_cap_enriched; public Yahoo Finance screener result; not official exchange top-100 evidence; current research input only; not point-in-time historical membership; cross-listing/domicile review required where applicable; raw_currency=EUR; source_screener=https://finance.yahoo.com/screener/new,api_market_cap_enriched,Yahoo Finance broad Europe exchange-listed equities sorted by marketCap,computed_from_yahoo_market_cap_same_retrieval_date
